,date,close,sign,change,diff,volume,krx_0008,krx_0018,krx_0009,pgmvol,fsc_listing,fsc_sjrate,fsc_0009,gm_volume,gm_value
0,20230721,70300,5,-700,-0.99,16528926,-135656797,-47587921,187226850,66422136,3161057429,52.95,189453121,111023539,6948297
1,20230720,71000,5,-700,-0.98,9732730,-139311894,-47899737,191282378,67245571,3164847957,53.01,193243649,110811513,6933193
2,20230719,71700,5,-300,-0.42,10851948,-140292604,-47019045,191388319,67055130,3163456948,52.99,191852640,110486152,6909844
3,20230718,72000,5,-1300,-1.77,11282654,-141004884,-45818326,190916335,65954614,3163380264,52.99,191775956,110112691,6882647
4,20230717,73300,5,-100,-0.14,10060049,-142362894,-45165996,191707382,66590493,3164885311,53.02,193281003,109698081,6852294
5,20230714,73400,2,1500,2.09,15772356,-140744785,-45262571,190164707,65236440,3163509952,52.99,191905644,109212574,6816878
6,20230713,71900,3,0,0.00,14417279,-132237257,-49099746,185340635,63020397,3158405403,52.91,186801095,108817844,6788346
7,20230712,71900,2,400,0.56,10226140,-129421970,-51436711,184903714,64448793,3157846123,52.90,186241815,108372951,6756542
8,20230711,71500,2,2000,2.88,12152893,-128343574,-50788006,183185755,63850765,3155927850,52.87,184323542,107822925,6717561
9,20230710,69500,5,-400,-0.57,11565490,-126741970,-51551935,182308775,63685861,3153681962,52.83,182077654,107325334,6682910
10,20230707,69900,5,-1700,-2.37,17280440,-127445547,-50783963,182280303,63714249,3153813013,52.83,182208705,106550994,6628578
11,20230706,71600,5,-400,-0.56,14588829,-131738865,-47615305,183501927,65680593,3154801683,52.85,183197375,106174875,6601678
12,20230705,72000,5,-1000,-1.37,11662458,-132099982,-46189905,182444649,65602504,3153589805,52.83,181985497,105770080,6572387
13,20230704,73000,3,0,0.00,10212350,-133813098,-43456608,181467984,64538024,3152485502,52.81,180881194,105514085,6553632
14,20230703,73000,2,800,1.11,10722181,-132855415,-42240854,179212496,63131524,3150524014,52.77,178919706,105262008,6535244
15,20230630,72200,5,-200,-0.28,11334353,-130311454,-44811216,179201579,63717753,3151237002,52.79,179632694,104744876,6497908
16,20230629,72400,5,-300,-0.41,12216370,-129977885,-44556921,178627581,63177865,3151307696,52.79,179703388,104395042,6472402
17,20230628,72700,2,100,0.14,8716664,-128750299,-43737595,176470947,62538125,3149128846,52.75,177524538,104075691,6449251
18,20230627,72600,2,200,0.28,9222104,-127795987,-43797846,175624946,61803035,3150393963,52.77,178789655,103456863,6404457
19,20230626,72400,2,800,1.12,10410317,-125886563,-43380018,173353433,60880098,3147924486,52.73,176320178,102901857,6364586
20,20230623,71600,2,300,0.42,12252821,-121676750,-44279085,169909364,58817687,3144334417,52.67,172730109,102596360,6342632
21,20230622,71300,2,800,1.13,11316385,-118912812,-42706098,165529418,57558911,3139538222,52.59,167933914,102252541,6318198
22,20230621,70500,5,-900,-1.26,10528867,-116625767,-43029137,163525729,56289874,3138521456,52.57,166917148,102069930,6305287
23,20230620,71400,2,200,0.28,11535955,-117544003,-42658856,164055989,56318903,3139273940,52.59,167669632,101956917,6297285
24,20230619,71200,5,-600,-0.84,11009959,-117007722,-42233069,163113926,54916062,3138114632,52.57,166510324,101769580,6283959
25,20230616,71800,2,300,0.42,14302425,-117184269,-41679895,162731024,55290414,3137906162,52.56,166301854,100884609,6220682
26,20230615,71500,5,-400,-0.56,13157666,-117333787,-40016309,161219696,54641047,3136133435,52.53,164529127,100739386,6210244
27,20230614,71900,5,-100,-0.14,12501046,-116975849,-39675335,160526550,55005667,3136959357,52.55,165355049,100588596,6199441
28,20230613,72000,2,1000,1.41,12917385,-116722208,-39228146,159812892,55332723,3136646047,52.54,165041739,100518050,6194370
29,20230612,71000,5,-1000,-1.39,12042817,-113974508,-40202879,157968116,54017670,3135405516,52.52,163801208,98549410,6053756
30,20230609,72000,2,1100,1.55,14992310,-115251785,-40684299,159721082,54263781,3138211482,52.57,166607174,98035203,6017084
31,20230608,70900,5,-100,-0.14,19165568,-111461464,-42111199,157248659,53354933,3135396459,52.52,163792151,97661868,5990663
32,20230607,71000,5,-700,-0.98,14755937,-110865528,-42570584,157020326,53341773,3135548226,52.52,163943918,97568234,5983999
33,20230605,71700,5,-500,-0.69,12651559,-110614101,-44115358,158283632,53300440,3136445332,52.54,164841024,97079852,5948813
34,20230602,72200,2,1300,1.83,11769798,-111022859,-45103116,159708687,55486013,3136730023,52.54,165125715,96463688,5904504
35,20230601,70900,5,-500,-0.70,14566407,-108513149,-45134706,157260542,53605380,3133808250,52.49,162203942,96148495,5882075
36,20230531,71400,5,-900,-1.24,24153085,-108764062,-43659982,156015064,52251259,3132707672,52.48,161103364,95292440,5820470
37,20230530,72300,2,2000,2.84,25371700,-107617447,-42947944,154020175,52910318,3130869289,52.45,159264981,94207336,5742629
38,20230526,70300,2,1500,2.18,19522023,-102641905,-42051992,147801658,51684933,3124516695,52.34,152912387,92948727,5654523
39,20230525,68800,2,300,0.44,14231160,-96180092,-40923376,140108818,48099825,3116542289,52.21,144937981,92008966,5589439
40,20230524,68500,2,100,0.15,8081634,-95847796,-40198364,138993593,47687418,3116148965,52.20,144544657,91630241,5563527
41,20230523,68400,5,-100,-0.15,8528989,-95082492,-39577529,137614838,46329094,3114885610,52.18,143281302,91060056,5524500
42,20230522,68500,2,100,0.15,14425375,-94595942,-40660419,138153452,47210905,3115646940,52.19,144042632,90425714,5481067
43,20230519,68400,2,2200,3.32,20334873,-92175916,-43089278,138086011,48363123,3115896617,52.19,144292309,89837716,5441144
44,20230518,66200,2,1200,1.85,14411704,-81936108,-45932473,130304148,43786311,3109160000,52.08,137555692,89218145,5400281
45,20230517,65000,5,-400,-0.61,10217085,-77612563,-44958917,124806123,40813607,3103603817,51.99,131999509,87643302,5297388
46,20230516,65400,2,900,1.40,12200178,-78095668,-44925223,125281430,41701742,3103605816,51.99,132001508,86944456,5251531
47,20230515,64500,2,400,0.62,8157143,-75824373,-44981320,122050858,38861482,3100906224,51.94,129301916,86373202,5214883
48,20230512,64100,5,-100,-0.16,7546680,-75355609,-45172789,121763108,38886589,3100618474,51.94,129014166,86005256,5191257
49,20230511,64200,5,-400,-0.62,11648905,-75449965,-44874648,121516979,38208202,3100236345,51.93,128632037,85434761,5154348
50,20230510,64600,5,-700,-1.07,13042129,-76048046,-45073308,122296390,40017486,3100932940,51.94,129328632,85081872,5131533
51,20230509,65300,5,-600,-0.91,9293835,-77443183,-44215658,122953298,42563474,3101759848,51.96,130155540,84046667,5063842
52,20230508,65900,2,800,1.23,9268657,-77653856,-44425151,123401836,43230794,3102256191,51.97,130651883,83614302,5035302
53,20230504,65100,5,-300,-0.46,9776982,-74994365,-45984569,122261675,42989824,3101371293,51.95,129766985,83140094,5004405
54,20230503,65400,5,-300,-0.46,8795072,-75115076,-44506922,120923457,42600815,3100361780,51.93,128757472,82344378,4952449
55,20230502,65700,2,200,0.31,14099788,-75148884,-43451825,119867798,41474958,3097854660,51.89,126250352,81209008,4877691
56,20230428,65500,2,900,1.39,18158364,-73531289,-43977217,118685015,42370978,3096749107,51.87,125144799,80404014,4825035
57,20230427,64600,2,500,0.78,14727926,-70876121,-42769668,114739351,39986421,3092645815,51.80,121041507,80181215,4810773
58,20230426,64100,2,500,0.79,12583068,-69480401,-40307793,110835488,38600637,3088205952,51.73,116601644,79764877,4784204
59,20230425,63600,5,-1600,-2.45,16088779,-69135508,-39331394,109386020,37307647,3085388514,51.68,113784206,79419012,4761918
60,20230424,65200,5,-500,-0.76,12916594,-70397910,-38788608,110100287,37535556,3086117183,51.70,114512875,78752337,4718452
61,20230421,65700,2,400,0.61,10302056,-68767058,-39129871,108742086,37171813,3083353159,51.65,111748851,78062844,4673189
62,20230420,65300,5,-200,-0.31,9501169,-66763136,-38459985,106056889,38576300,3080713573,51.61,109109265,77801056,4656166
63,20230419,65500,5,-100,-0.15,10254291,-65934619,-38056100,104798639,37865175,3079372323,51.58,107768015,77496835,4636241
64,20230418,65600,2,300,0.46,14786758,-64963387,-37986904,103742835,37660947,3080154519,51.60,108550211,76987589,4602954
65,20230417,65300,2,200,0.31,13486618,-64305433,-34913767,99999657,35590212,3075861341,51.52,104257033,76742647,4586990
66,20230414,65100,5,-1000,-1.51,15520395,-62645497,-33138143,96510377,33713499,3072411061,51.47,100806753,76325955,4559543
67,20230413,66100,2,100,0.15,14618096,-63666863,-33733619,98181316,34819872,3074047000,51.49,102442692,75383266,4497465
68,20230412,66000,2,100,0.15,14800565,-62552044,-34831286,98161735,34620373,3074013419,51.49,102409111,75011744,4473051
69,20230411,65900,2,200,0.30,16204548,-60595541,-33295369,94700405,33447533,3069825120,51.42,98220812,74450827,4436156
70,20230410,65700,2,700,1.08,18758406,-58292944,-34535438,93551526,33928469,3068974241,51.41,97369933,73840626,4396182
71,20230407,65000,2,2700,4.33,27476120,-53894905,-34460001,89018563,30777926,3064926246,51.34,93321938,73341455,4363866
72,20230406,62300,5,-1600,-2.50,14992747,-38708330,-36209751,75406014,19099133,3050492697,51.10,78888389,72836141,4331999
73,20230405,63900,2,300,0.47,9066149,-40763490,-34373992,75675454,19007256,3050116684,51.09,78512376,72359005,4301609
74,20230404,63600,2,500,0.79,11104517,-38537407,-34202744,73230692,16720003,3047585024,51.05,75980716,72072443,4283423
75,20230403,63100,5,-900,-1.41,11967331,-36440647,-34500720,71352890,16407809,3045471322,51.01,73867014,71538328,4249547
76,20230331,64000,2,800,1.27,13399502,-37015843,-32950031,70413384,16132265,3042410816,50.96,70806508,71129229,4223410
77,20230330,63200,2,500,0.80,15085857,-31700018,-33363528,65397473,14022465,3036413170,50.86,64808862,70378888,4175832
78,20230329,62700,5,-200,-0.32,11098114,-28761252,-32947034,62033324,13108801,3036800280,50.87,65195972,70030994,4154102
79,20230328,62900,2,800,1.29,11547657,-28269079,-34063711,62657472,12204511,3040243186,50.93,68638878,69844618,4142434
80,20230327,62100,5,-900,-1.43,11039331,-26559232,-35843752,62665380,11523883,3040001094,50.92,68396786,69533226,4123010
81,20230324,63000,2,700,1.12,17494809,-26161714,-36249676,62710420,12360587,3040249034,50.93,68644726,68608451,4065100
82,20230323,62300,2,1200,1.96,15375389,-20705217,-34402828,55307546,8327358,3033717796,50.82,62113488,68231978,4041819
83,20230322,61100,2,800,1.33,8976554,-15896460,-35294297,51243215,5961096,3030156153,50.76,58551845,68108414,4034300
84,20230321,60300,2,100,0.17,8316048,-13464689,-36063639,49528935,5288248,3028614032,50.73,57009724,67793327,4015294
85,20230320,60200,5,-1100,-1.79,9609319,-13405088,-36521825,49943451,5596993,3028104808,50.72,56500500,66801404,3955134
86,20230317,61300,2,1400,2.34,13882536,-14674782,-36717733,51428176,7208439,3029991631,50.76,58387323,66560777,3940428
87,20230316,59900,2,100,0.17,10609439,-11345866,-36845572,48203813,5608338,3027317381,50.71,55713073,66308791,3925440
88,20230315,59800,2,800,1.36,10305949,-11329795,-36464852,47792588,5503989,3025958110,50.69,54353802,65902876,3901107
89,20230314,59000,5,-1000,-1.67,11261616,-9690061,-37167285,46843308,5153773,3024837845,50.67,53233537,65574000,3881621
90,20230313,60000,2,500,0.84,11831548,-11376924,-37222779,48617004,6990791,3026204650,50.69,54600342,65140567,3855619
91,20230310,59500,5,-600,-1.00,11858460,-10175207,-38219174,48188837,6348346,3024992666,50.67,53388358,64688966,3828846
92,20230309,60100,5,-200,-0.33,13976635,-12301029,-36581921,48754829,7896583,3025292658,50.68,53688350,64540667,3819923
93,20230308,60300,5,-400,-0.66,13931262,-13582788,-38888754,52382371,9752877,3028979700,50.74,57375392,64247046,3802261
94,20230307,60700,5,-800,-1.30,11469975,-15308504,-35590738,50830054,10282217,3027159704,50.71,55555396,64110685,3793943
95,20230306,61500,2,1000,1.65,13156083,-16561306,-34933748,51465950,10976310,3028003920,50.72,56399612,63673335,3767111
96,20230303,60500,5,-300,-0.49,10669655,-13078400,-37200164,50174962,9699302,3026692932,50.70,55088624,63099817,3732254
97,20230302,60800,2,200,0.33,13049056,-14279302,-36966971,51180550,12976288,3028440362,50.73,56836054,62583110,3700701
98,20230228,60600,2,100,0.17,11812945,-13516103,-35349287,48629939,11594491,3025304438,50.68,53700130,61960146,3662712
99,20230227,60500,5,-800,-1.31,11150697,-12837719,-36438246,48995836,11459423,3026210335,50.69,54606027,61705855,3647334
100,20230224,61300,5,-700,-1.13,10167790,-15572226,-34550855,49939454,10712807,3026673423,50.70,55069115,61084945,3608765
101,20230223,62000,2,900,1.47,12948560,-16603435,-33545532,49945940,11905711,3026922180,50.70,55317872,61013991,3604360
102,20230222,61100,5,-1000,-1.61,11909088,-14668216,-34804640,49246400,12208768,3026291640,50.69,54687332,60692294,3584625
103,20230221,62100,5,-600,-0.96,7624592,-17260862,-32361765,49480448,12279746,3025568688,50.68,53964380,60589436,3578227
104,20230220,62700,2,100,0.16,12903247,-18801731,-30888648,49543200,12236473,3025821940,50.69,54217632,60377880,3565016
105,20230217,62600,5,-1100,-1.73,10696387,-19019192,-31435169,50324991,14267408,3026182851,50.69,54578543,60142390,3550197
106,20230216,63700,2,1500,2.41,13748358,-20265862,-29361445,49521205,14159060,3025320065,50.68,53715757,59639874,3518493
107,20230215,62200,5,-1000,-1.58,13182477,-15985731,-32094727,47912572,12590606,3023518492,50.65,51914184,59312464,3497931
108,20230214,63200,2,300,0.48,9126664,-18040847,-29641186,47541962,12366954,3023151882,50.64,51547574,58981261,3476884
109,20230213,62900,2,100,0.16,10700362,-16325316,-30989367,47137771,12375700,3022797691,50.63,51193383,58130220,3423620
110,20230210,62800,5,-200,-0.32,9376576,-16113820,-29160677,44873181,12769898,3020219612,50.59,48615304,57583360,3389375
111,20230209,63000,5,-100,-0.16,12164865,-16529897,-26943298,43112611,12523617,3017760979,50.55,46156671,57195534,3364980
112,20230208,63100,2,1200,1.94,12210425,-16344376,-25654126,41559393,11636357,3015974361,50.52,44370053,56873609,3344703
113,20230207,61900,2,300,0.49,14491039,-14138849,-24970565,38570330,10854922,3012802298,50.47,41197990,56576950,3326305
114,20230206,61600,5,-2200,-3.45,15523623,-14637872,-23942309,38006994,10987443,3011898262,50.45,40293954,56236740,3305127
115,20230203,63800,2,300,0.47,14853606,-18606473,-22173910,40282013,13262071,3014053481,50.49,42449173,55885859,3282741
116,20230202,63500,2,1700,2.75,23173276,-16873763,-20152468,36476903,9879641,3011043701,50.44,39439393,55644672,3267454
117,20230201,61800,2,800,1.31,17218723,-12093381,-18919921,31353720,7564372,3005826373,50.35,34222065,54567743,3201116
118,20230131,61000,5,-2300,-3.63,28338772,-12462998,-18407917,31290860,6652393,3005520203,50.35,33915895,54438705,3193186
119,20230130,63300,5,-1300,-2.01,19189053,-17661169,-19943144,38081522,9436680,3012326910,50.46,40722602,54122475,3172938
120,20230127,64600,2,700,1.10,18185551,-17742980,-19265650,36488074,8252021,3010762862,50.43,39158554,53759317,3149452
121,20230126,63900,2,500,0.79,13278277,-11611473,-19705921,30657351,6476466,3005053104,50.34,33448796,53533013,3135030
122,20230125,63400,2,1600,2.59,16822710,-8170288,-19649160,27071918,3813459,3001579071,50.28,29974763,53121295,3108913
123,20230120,61800,2,300,0.49,9646327,-560535,-19814052,19602706,477054,2995009859,50.17,23405551,52751997,3086145
124,20230119,61500,2,1100,1.82,12808490,1087285,-19941149,18066956,-282548,2993784109,50.15,22179801,52605838,3077212
125,20230118,60400,5,-600,-0.98,11584041,4394152,-18518459,13281873,-3328703,2990511026,50.09,18906718,52384343,3063829
126,20230117,61000,5,-100,-0.16,9831456,3718056,-17624412,13022005,-2467181,2989308003,50.07,17703695,52256657,3056050
127,20230116,61100,2,300,0.49,10039972,4219379,-17018543,11896166,-3529689,2988383164,50.06,16778856,51960696,3037896
128,20230113,60800,2,300,0.50,12510328,6410652,-18121061,10807457,-3785456,2987332055,50.04,15727747,51614533,3016839
129,20230112,60500,3,0,0.00,16102561,8464467,-18555143,9417061,-4475020,2985958859,50.02,14354551,51334912,2999934
130,20230111,60500,2,100,0.17,12310751,8567118,-17008319,7690595,-3961131,2984487393,49.99,12883085,51227434,2993409
131,20230110,60400,5,-300,-0.49,14859797,9304110,-17692819,7570831,-4381629,2983523234,49.98,11918926,51131507,2987603
132,20230109,60700,2,1700,2.88,18640107,10871307,-18634084,6956978,-5073438,2983322381,49.97,11718073,50835999,2969801
133,20230106,59000,2,800,1.37,17334989,16539436,-21241929,3903514,-6593659,2979701881,49.91,8097573,50234410,2934501
134,20230105,58200,2,400,0.69,15682826,19287817,-21651308,1595216,-6977628,2977126583,49.87,5522275,49765498,2907238
135,20230104,57800,2,2400,4.33,20188071,20594978,-19432977,-1927442,-7857321,2974040575,49.82,2436267,49268496,2878946
136,20230103,55400,5,-100,-0.18,13547030,23609268,-19274263,-5027606,-9453797,2970400648,49.76,-1203660,49124126,2870999
137,20230102,55500,2,200,0.36,10031448,22349499,-17700499,-5335909,-9892233,2964905145,49.67,-6699163,49015451,2864938
138,20221229,55300,5,-1300,-2.30,11295935,21287096,-17222376,-4721812,-10502188,2965339762,49.67,-6264546,48960617,2861876
139,20221228,56600,5,-1500,-2.58,14665410,17918182,-15345275,-3195099,-10327668,2966676475,49.69,-4927833,48707221,2847509
140,20221227,58100,2,200,0.35,10667027,12765422,-13001164,-254003,-9209564,2970088904,49.75,-1515404,48605343,2841584
141,20221226,57900,5,-200,-0.34,6756411,15491717,-17606584,1273380,-8962039,2971666287,49.78,61979,48493905,2835132
142,20221223,58100,5,-1000,-1.69,9829407,16741125,-20118912,2342409,-8662278,2972400331,49.79,796023,47673098,2787522
143,20221222,59100,2,1100,1.90,10720630,16672168,-20524994,2712645,-8542381,2978142067,49.89,6537759,47089585,2753303
144,20221221,58000,5,-600,-1.02,10356971,18175509,-23062913,3567373,-9665682,2979216295,49.90,7611987,46912454,2742988
145,20221220,58600,5,-900,-1.51,9284761,16691689,-23303406,5264661,-8936007,2981767754,49.95,10163446,46742190,2732978
146,20221219,59500,3,0,0.00,7696187,15369019,-23508547,6808002,-7905194,2983446095,49.98,11841787,46516990,2719598
147,20221216,59500,2,200,0.34,13033596,15751162,-24081492,6971857,-7455525,2984480968,49.99,12876660,45766718,2675277
148,20221215,59300,5,-1200,-1.98,8716039,15365150,-21164611,4441492,-8615846,2982263753,49.96,10659445,45577894,2664010
149,20221214,60500,2,800,1.34,8207485,13841692,-19655805,4466464,-8684792,2982290225,49.96,10685917,45326244,2648830
150,20221213,59700,2,200,0.34,9040873,16190073,-20632541,3077093,-10199194,2981218354,49.94,9614046,44951795,2626490
151,20221212,59500,5,-900,-1.49,9036472,16162768,-20654697,3144875,-9995034,2980543814,49.93,8939506,44898964,2623342
152,20221209,60400,2,1200,2.03,10529632,14865854,-20104789,3886504,-9088997,2980990765,49.93,9386457,44493879,2599060
153,20221208,59200,2,300,0.51,12986815,17291038,-22361030,3684853,-8632617,2980406091,49.92,8801783,44009521,2570489
154,20221207,58900,5,-300,-0.51,12100662,17046796,-22576905,4148450,-7968944,2980779688,49.93,9175380,43669103,2550385
155,20221206,59200,5,-1100,-1.82,13888300,16242690,-22915479,5297671,-7282724,2981696169,49.95,10091861,43507857,2540775
156,20221205,60300,5,-100,-0.17,13767787,13495145,-22129752,7250237,-7548804,2984654935,50.00,13050627,43077228,2514758
157,20221202,60400,5,-2200,-3.51,15331184,12375027,-22762474,9015061,-5160284,2987132709,50.04,15528401,42634869,2487703
158,20221201,62600,2,400,0.64,16631445,7928887,-20718198,11501545,-2410844,2988724193,50.06,17119885,41388677,2409480
159,20221130,62200,2,1600,2.64,19768903,11408218,-20951334,8375064,-5137101,2985680848,50.01,14076540,40499379,2354627
160,20221129,60600,2,500,0.83,7014160,14468580,-18723847,2801526,-9219481,2980158310,49.92,8554002,40071301,2328883
161,20221128,60100,5,-900,-1.48,8589032,14809617,-19335091,3075415,-9458929,2980114799,49.92,8510491,39891473,2318076
162,20221125,61000,5,-400,-0.65,6677933,13775881,-18021046,2873024,-9370536,2979715110,49.91,8110802,39660110,2303947
163,20221124,61400,2,400,0.66,8125010,13790618,-17640325,2451888,-9806130,2979064174,49.90,7459866,39431852,2289969
164,20221123,61000,2,400,0.66,8765050,14348818,-17694920,1878734,-10461276,2980062336,49.92,8458028,39189124,2275168
165,20221122,60600,5,-800,-1.30,9411289,14666078,-17855353,1761404,-10602271,2978807506,49.90,7203198,38846884,2254375
166,20221121,61400,5,-400,-0.65,9378097,14383893,-17998206,2181109,-9553624,2980018828,49.92,8414520,38474166,2231587
167,20221118,61800,2,400,0.65,12236503,14111745,-18740769,3203908,-9181221,2979841397,49.92,8237089,38146390,2211315
168,20221117,61400,5,-1300,-2.07,13298296,14896133,-18817699,2498412,-10103791,2978984149,49.90,7379841,37779327,2188687
169,20221116,62700,2,300,0.48,12909260,13161067,-18919919,4344916,-8986809,2981350139,49.94,9745831,37564692,2175304
170,20221115,62400,2,500,0.81,12310986,14085551,-18837471,3295350,-10229338,2980895380,49.93,9291072,37387579,2164329
171,20221114,61900,5,-1000,-1.59,15973416,14880452,-19012561,2644792,-10737677,2980267822,49.92,8663514,36804160,2128149
172,20221111,62900,2,2500,4.14,20037163,13857068,-18206646,2852282,-10273145,2980121987,49.92,8517679,35684984,2057944
173,20221110,60400,5,-1600,-2.58,21087633,19993161,-21519660,-109353,-14101427,2977008864,49.87,5404556,35125617,2023834
174,20221109,62000,2,200,0.32,14045592,16983466,-22425366,3880207,-11579236,2980729398,49.93,9125090,34592481,1990799
175,20221108,61800,2,1600,2.66,18273898,19077246,-24214444,3612026,-10947633,2979458873,49.91,7854565,34172510,1964933
176,20221107,60200,2,800,1.35,12437246,24123699,-26553890,725455,-11539480,2976678983,49.86,5074675,33810094,1943147
177,20221104,59400,2,200,0.34,12445841,26357171,-27778293,-208946,-11456244,2975313782,49.84,3709474,33286585,1912240
178,20221103,59200,5,-400,-0.67,17492162,26376094,-27997072,2172,-10876052,2976921806,49.87,5317498,32676039,1876417
179,20221102,59600,5,-400,-0.67,13202919,25387806,-25557590,-1422191,-10395175,2975526943,49.84,3922635,32262073,1851709
180,20221101,60000,2,600,1.01,17201647,25421588,-23839958,-2914940,-11363027,2973881288,49.82,2276980,31310033,1794721
181,20221031,59400,2,2100,3.66,18999514,27192038,-24814248,-3603380,-11730591,2973209179,49.80,1604871,30990041,1775766
182,20221028,57300,5,-2200,-3.70,20924937,31513437,-25069167,-7767189,-13747648,2969111795,49.74,-2492513,30406954,1741969
183,20221027,59500,2,100,0.17,21756712,29803791,-25927816,-5218703,-11457846,2970251911,49.75,-1352397,28985498,1657332
184,20221026,59400,2,1700,2.95,20824967,31479429,-27853389,-4869589,-11379540,2970280340,49.76,-1323968,28185982,1610431
185,20221025,57700,2,200,0.35,17405678,37540679,-28658329,-10143795,-15946453,2964563086,49.66,-7041222,27254350,1556512
186,20221024,57500,2,1600,2.86,16944503,39653912,-29975398,-10945738,-15395958,2963580143,49.64,-8024165,26533047,1515403
187,20221021,55900,2,400,0.72,11456060,44819979,-31555700,-14571434,-16725689,2960004180,49.58,-11600128,25976369,1484314
188,20221020,55500,5,-300,-0.54,17107653,46272587,-32800141,-14784644,-17784832,2960179870,49.59,-11424438,25054477,1433151
189,20221019,55800,5,-700,-1.24,12660652,45936001,-31319118,-15937927,-16040512,2958575087,49.56,-13029221,24483985,1401049
190,20221018,56500,5,-100,-0.18,14820702,44846998,-31167464,-14998596,-15806987,2960662653,49.59,-10941655,23718806,1357867
191,20221017,56600,2,300,0.53,13641878,43235664,-30778804,-13748466,-13715025,2958160398,49.55,-13443910,23055124,1320416
192,20221014,56300,2,1100,1.99,12924326,44510754,-29525335,-16352830,-15759812,2955958687,49.52,-15645621,22117652,1267724
193,20221013,55200,5,-600,-1.08,13784602,45879638,-30706961,-16559755,-16660301,2955615252,49.51,-15989056,21418996,1228910
194,20221012,55800,2,400,0.72,18408910,45606189,-29757564,-17155569,-15557162,2955388868,49.51,-16215440,20272743,1164601
195,20221011,55400,5,-800,-1.42,21437877,46265508,-29633177,-17917905,-15520920,2952967944,49.47,-18636364,19420077,1117937
196,20221007,56200,5,-100,-0.18,16886813,45755566,-28877708,-18192043,-15782667,2952555506,49.46,-19048802,18378699,1059401
197,20221006,56300,2,300,0.54,14944446,46806379,-28516236,-19660130,-16014803,2951334517,49.44,-20269791,17754749,1023978
198,20221005,56000,2,800,1.45,22458970,48131495,-28036599,-21538066,-15493525,2949979581,49.42,-21624727,16824180,971707
199,20221004,55200,2,2100,3.95,19148435,49670847,-25592485,-25529025,-14999557,2945767622,49.34,-25836686,16209632,937777
200,20220930,53100,2,500,0.95,22503249,53737056,-25307070,-29912451,-18210843,2941181170,49.27,-30423138,15743829,913317
201,20220929,52600,5,-300,-0.57,13882080,55600297,-25891476,-31198945,-21336040,2939724022,49.24,-31880286,15429488,896605
202,20220928,52900,5,-1300,-2.40,19991129,55239103,-25716729,-30999807,-21051457,2940716074,49.26,-30888234,14411052,842534
203,20220927,54200,2,300,0.56,16631289,52554025,-25415403,-28561087,-19509159,2943062542,49.30,-28541766,14074179,824353
204,20220926,53900,5,-600,-1.10,15008449,52898674,-27162779,-27196464,-18124031,2943617219,49.31,-27987089,13569158,797172
205,20220923,54500,2,100,0.18,10555964,53426746,-29899168,-25002381,-15258688,2945888782,49.35,-25715526,13274831,781145
206,20220922,54400,5,-900,-1.63,12786510,53383781,-28874447,-25940347,-15571632,2944596606,49.33,-27007702,13046474,768713
207,20220921,55300,5,-500,-0.90,11863700,49676323,-27044347,-23917260,-14340265,2946955333,49.36,-24648975,12805772,755410
208,20220920,55800,5,-600,-1.06,14041465,46453875,-26802199,-20880831,-13727107,2950760762,49.43,-20843546,12718338,750500
209,20220919,56400,2,200,0.36,12278653,44080655,-27742737,-17477023,-13024415,2954064340,49.48,-17539968,12503221,738364
210,20220916,56200,2,200,0.36,13456503,44161050,-28489264,-16761286,-14345930,2954444957,49.49,-17159351,12117359,716806
211,20220915,56000,5,-800,-1.41,11664819,42243410,-26812386,-16493909,-13026761,2955038684,49.50,-16565624,11201789,665280
212,20220914,56800,5,-1300,-2.24,12524961,38481996,-25752016,-13661719,-11593233,2957697174,49.54,-13907134,10981236,652778
213,20220913,58100,2,2500,4.50,17166581,37045866,-24406785,-13566903,-11602515,2957674824,49.54,-13929484,10877678,646796
214,20220908,55600,5,-400,-0.71,18000016,41548350,-27603379,-14880357,-12902107,2956552587,49.53,-15051721,10411139,620709
215,20220907,56000,5,-1100,-1.93,17384854,37592931,-29724474,-8921480,-10001573,2962475920,49.62,-9128388,9963084,595589
216,20220906,57100,3,0,0.00,7503086,31915190,-28564993,-4317888,-8450858,2967411152,49.71,-4193156,9937941,594153
217,20220905,57100,5,-400,-0.70,11425977,30742688,-28098236,-3592480,-8273678,2968024377,49.72,-3579931,9585225,573890
218,20220902,57500,5,-900,-1.54,15040310,29035254,-28802267,-1103456,-6530889,2970775551,49.76,-828757,8798078,528304
219,20220901,58400,5,-1300,-2.18,14905777,23631652,-27172245,2801192,-3956712,2974218467,49.82,2614159,6795705,411096
220,20220831,59700,2,900,1.53,14203512,19247931,-23302648,3369179,-1780738,2974643754,49.83,3039446,6089217,369278
221,20220830,58800,2,200,0.34,9690044,20142847,-21140298,298589,-4839595,2971425254,49.77,-179054,5858002,355734
222,20220829,58600,5,-1400,-2.33,9841329,17854838,-20699399,2197996,-3210958,2972909661,49.80,1305353,5282181,321915
223,20220826,60000,2,300,0.50,9499995,14324222,-17672057,2755305,-2224476,2974158300,49.82,2553992,5094969,310624
224,20220825,59700,2,700,1.19,5767902,15301823,-17890574,2063930,-1860873,2973294725,49.81,1690417,5032984,306935
225,20220824,59000,5,-100,-0.17,8888486,15687534,-17613548,1468191,-1689368,2973086966,49.80,1482658,4936412,301222
226,20220823,59100,5,-900,-1.50,9041629,14028521,-15769361,1331965,-83190,2972803760,49.80,1199452,4874652,297562
227,20220822,60000,5,-900,-1.48,8259865,11635212,-14371526,2296384,972909,2973455175,49.81,1850867,4760137,290686
228,20220819,60900,5,-600,-0.98,6923679,10211126,-13121362,2492229,1315593,2973627030,49.81,2022722,4698146,286908
229,20220818,61500,2,1100,1.82,16372754,9578999,-12780677,2803770,2044594,2973522571,49.81,1918263,4597977,280794
230,20220817,60400,5,-600,-0.98,9061518,12540556,-11424460,-1644453,-321587,2968930408,49.73,-2673900,4542198,277424
231,20220816,61000,2,800,1.33,15036727,11753171,-11249264,-1216526,23654,2969458335,49.74,-2145973,4398858,268704
232,20220812,60200,2,300,0.50,10786658,13156739,-11285520,-2414721,579386,2968632480,49.73,-2971828,4256856,260177
233,20220811,59900,2,800,1.35,15141941,13459294,-11239533,-2404897,-146874,2968412504,49.72,-3191804,4121562,252105
234,20220810,59100,5,-900,-1.50,18084349,12638395,-12533642,-252994,-642297,2970352957,49.76,-1251351,3839327,235489
235,20220809,60000,5,-800,-1.32,18251170,8338913,-10043526,1727509,1469188,2973957070,49.82,2352762,3486622,214297
236,20220808,60800,5,-700,-1.14,11313150,4752941,-10221741,5549556,1961925,2977890657,49.88,6286349,3177694,195465
237,20220805,61500,3,0,0.00,9567620,2643346,-8363022,5833898,1605744,2977991499,49.88,6387191,2069453,127308
238,20220804,61500,2,200,0.33,9125439,2362526,-8703022,6431020,274761,2978612121,49.89,7007813,1918030,117991
239,20220803,61300,5,-400,-0.65,10053861,2512326,-7943132,5513775,-776243,2977784376,49.88,6180068,1681737,103526
240,20220802,61700,2,400,0.65,13614895,1009607,-6607870,5701995,-213165,2977990096,49.88,6385788,1555450,95804
241,20220801,61300,5,-100,-0.16,13154816,2004122,-4091569,2176593,-2139583,2974186694,49.82,2582386,1369281,84492
242,20220729,61400,5,-500,-0.81,15093120,1473635,-3038194,1622602,-2453377,2973939771,49.82,2335463,678943,41915
243,20220728,61900,2,100,0.16,10745302,238401,-2887326,2630540,-829418,2975485738,49.84,3881430,523771,32276
244,20220727,61800,2,100,0.16,7320997,446970,-2327261,1853423,-1524933,2973391951,49.81,1787643,436702,26927
245,20220726,61700,2,600,0.98,6597211,399096,-2012012,1563414,-1194339,2972792162,49.80,1187854,389076,23993
246,20220725,61100,5,-200,-0.33,9193681,948321,-1614464,614373,-1331590,2972099731,49.79,495423,337887,20852
247,20220722,61300,5,-500,-0.81,10261310,1022114,-1862181,739607,-342577,2972375415,49.79,771107,0,0
