"","symbol","date","open","high","low","close","volume","adjusted"
"1","122630.KS",2022-01-04,24030,24120,23700,23945,14785180,23945
"2","122630.KS",2022-01-05,23820,23885,23005,23265,18355770,23265
"3","122630.KS",2022-01-06,22920,23370,22800,22850,21266580,22850
"4","122630.KS",2022-01-07,23120,23475,23035,23380,14437010,23380
"5","122630.KS",2022-01-10,23295,23335,22670,22985,16135230,22985
"6","122630.KS",2022-01-11,23090,23345,22885,23135,15460780,23135
"7","122630.KS",2022-01-12,23465,23930,23465,23910,15721320,23910
"8","122630.KS",2022-01-13,23985,24040,23620,23655,9852017,23655
"9","122630.KS",2022-01-14,23385,23385,22845,22930,19928090,22930
"10","122630.KS",2022-01-17,22930,22975,22335,22620,20576700,22620
"11","122630.KS",2022-01-18,22740,22810,22115,22265,17672510,22265
"12","122630.KS",2022-01-19,21920,22360,21770,21925,17884980,21925
"13","122630.KS",2022-01-20,21935,22185,21745,22175,16587450,22175
"14","122630.KS",2022-01-21,21730,21840,21400,21675,25150880,21675
"15","122630.KS",2022-01-24,21580,21685,21000,21170,23687140,21170
"16","122630.KS",2022-01-25,21105,21105,19940,20155,45862740,20155
"17","122630.KS",2022-01-26,20340,20485,19955,20005,26430670,20005
"18","122630.KS",2022-01-27,20100,20175,18690,18715,42182960,18715
"19","122630.KS",2022-01-28,18900,19755,18555,19700,37275430,19700
"20","122630.KS",2022-02-03,20340,20555,20050,20050,25380390,20050
"21","122630.KS",2022-02-04,20195,20585,20050,20530,24106130,20530
"22","122630.KS",2022-02-07,20310,20365,19760,20125,24357070,20125
"23","122630.KS",2022-02-08,20465,20635,19935,20215,19572800,20215
"24","122630.KS",2022-02-09,20585,20790,20470,20780,18359210,20780
"25","122630.KS",2022-02-10,21070,21215,20840,21110,19862510,21110
"26","122630.KS",2022-02-11,20700,21040,20545,20740,15228980,20740
"27","122630.KS",2022-02-14,NA,NA,NA,NA,NA,NA
"28","122630.KS",2022-02-15,20280,20335,19715,19920,16894270,19920
"29","122630.KS",2022-02-16,20365,20660,20325,20640,13988490,20640
"30","122630.KS",2022-02-17,20700,21275,20450,20905,32906360,20905
"31","122630.KS",2022-02-18,20450,20870,20335,20750,19937570,20750
"32","122630.KS",2022-02-21,20080,20770,19915,20770,19271860,20770
"33","122630.KS",2022-02-22,20055,20345,19890,20170,28977060,20170
"34","122630.KS",2022-02-23,20470,20540,20095,20320,18999800,20320
"35","122630.KS",2022-02-24,19775,19885,19125,19225,38103280,19225
"36","122630.KS",2022-02-25,19600,19880,19460,19655,25931480,19655
"37","122630.KS",2022-02-28,19445,19935,19315,19935,19748800,19935
"38","122630.KS",2022-03-02,19990,20090,19755,19830,15887420,19830
"39","122630.KS",2022-03-03,20150,20585,20105,20530,17166380,20530
"40","122630.KS",2022-03-04,20390,20390,19770,19925,24287370,19925
"41","122630.KS",2022-03-07,19200,19255,18820,18990,24974730,18990
"42","122630.KS",2022-03-08,18450,18960,18360,18525,20678390,18525
"43","122630.KS",2022-03-10,19280,19485,19230,19325,17339230,19325
"44","122630.KS",2022-03-11,19245,19310,18945,19150,18554960,19150
"45","122630.KS",2022-03-14,19100,19300,18915,19095,17391410,19095
"46","122630.KS",2022-03-15,18910,19015,18625,18750,16827150,18750
"47","122630.KS",2022-03-16,19145,19340,18850,19290,23073660,19290
"48","122630.KS",2022-03-17,19995,20180,19860,19860,24281070,19860
"49","122630.KS",2022-03-18,19755,19990,19675,19960,19741910,19960
"50","122630.KS",2022-03-21,20090,20135,19520,19555,19520940,19555
"51","122630.KS",2022-03-22,19535,19940,19530,19905,14264490,19905
"52","122630.KS",2022-03-23,20115,20425,20040,20230,20369620,20230
"53","122630.KS",2022-03-24,19895,20075,19755,20050,11729940,20050
"54","122630.KS",2022-03-25,20190,20195,19825,19915,17333810,19915
"55","122630.KS",2022-03-28,19730,20030,19550,19940,13510480,19940
"56","122630.KS",2022-03-29,20150,20320,19990,20115,14829490,20115
"57","122630.KS",2022-03-30,20465,20540,20210,20255,18143910,20255
"58","122630.KS",2022-03-31,20215,20580,20210,20390,15020400,20390
"59","122630.KS",2022-04-01,20165,20210,19905,20105,11811800,20105
"60","122630.KS",2022-04-04,19930,20325,19810,20305,10471010,20305
"61","122630.KS",2022-04-05,20445,20510,20150,20280,11652390,20280
"62","122630.KS",2022-04-06,19975,20055,19810,19840,14118740,19840
"63","122630.KS",2022-04-07,19530,19590,19200,19280,17045370,19280
"64","122630.KS",2022-04-08,19355,19405,19085,19325,15956730,19325
"65","122630.KS",2022-04-11,19105,19460,19015,19300,12602540,19300
"66","122630.KS",2022-04-12,19020,19195,18790,18935,19387010,18935
"67","122630.KS",2022-04-13,19075,19665,18990,19635,15863460,19635
"68","122630.KS",2022-04-14,19580,19610,19300,19445,12252670,19445
"69","122630.KS",2022-04-15,19100,19165,18900,19010,17374650,19010
"70","122630.KS",2022-04-18,18765,19115,18685,19005,9241936,19005
"71","122630.KS",2022-04-19,19190,19530,19145,19415,12154620,19415
"72","122630.KS",2022-04-20,19350,19495,19130,19395,12809320,19395
"73","122630.KS",2022-04-21,19550,19795,19500,19590,12141670,19590
"74","122630.KS",2022-04-22,19200,19260,18990,19150,16071010,19150
"75","122630.KS",2022-04-25,18705,18830,18510,18530,17772960,18530
"76","122630.KS",2022-04-26,18665,18855,18615,18680,13611830,18680
"77","122630.KS",2022-04-27,18020,18260,17930,18225,21586980,18225
"78","122630.KS",2022-04-28,18395,18585,18150,18585,17097930,18585
"79","122630.KS",2022-04-29,18585,19175,18485,19150,19226710,19150
"80","122630.KS",2022-05-02,NA,NA,NA,NA,NA,NA
"81","122630.KS",2022-05-03,19000,19280,18895,18930,17237140,18930
"82","122630.KS",2022-05-04,19080,19205,18855,18980,12879290,18980
"83","122630.KS",2022-05-06,18570,18585,18355,18475,16342700,18475
"84","122630.KS",2022-05-10,17825,17985,17365,17930,32486230,17930
"85","122630.KS",2022-05-11,17765,17950,17635,17895,18777490,17895
"86","122630.KS",2022-05-12,17500,17820,17290,17320,24216460,17320
"87","122630.KS",2022-05-13,17560,18165,17505,18135,20107880,18135
"88","122630.KS",2022-05-16,18400,18470,17920,17980,20348440,17980
"89","122630.KS",2022-05-17,18055,18380,18040,18330,15228200,18330
"90","122630.KS",2022-05-18,18515,18700,18300,18405,21621560,18405
"91","122630.KS",2022-05-19,17600,17950,17555,17840,23421870,17840
"92","122630.KS",2022-05-20,18015,18545,17995,18525,17937090,18525
"93","122630.KS",2022-05-23,18730,18730,18440,18635,16824420,18635
"94","122630.KS",2022-05-24,18470,18555,17970,17970,18588220,17970
"95","122630.KS",2022-05-25,18175,18335,17925,18115,17633260,18115
"96","122630.KS",2022-05-26,18085,18465,17840,17975,20592890,17975
"97","122630.KS",2022-05-27,18400,18495,18295,18370,18914680,18370
"98","122630.KS",2022-05-30,18750,18870,18590,18845,21093520,18845
"99","122630.KS",2022-05-31,18820,19055,18600,18995,18266960,18995
"100","122630.KS",2022-06-02,18735,18815,18500,18575,18195820,18575
"101","122630.KS",2022-06-03,18880,18965,18695,18785,16152170,18785
"102","122630.KS",2022-06-07,18535,18580,18030,18095,18756740,18095
"103","122630.KS",2022-06-08,18150,18330,18070,18165,12436680,18165
"104","122630.KS",2022-06-09,18055,18175,17890,18080,15801180,18080
"105","122630.KS",2022-06-10,17740,17805,17515,17660,21081990,17660
"106","122630.KS",2022-06-13,16945,17035,16425,16425,34435080,16425
"107","122630.KS",2022-06-14,16000,16355,15855,16280,35641310,16280
"108","122630.KS",2022-06-15,16185,16260,15480,15685,37271140,15685
"109","122630.KS",2022-06-16,16040,16295,15625,15670,36024060,15670
"110","122630.KS",2022-06-17,15105,15510,14995,15425,40023050,15425
"111","122630.KS",2022-06-20,15605,15630,14695,14950,52735620,14950
"112","122630.KS",2022-06-21,15100,15345,14900,15135,40974050,15135
"113","122630.KS",2022-06-22,15285,15300,14320,14320,44761360,14320
"114","122630.KS",2022-06-23,14385,14590,14000,14135,57281410,14135
"115","122630.KS",2022-06-24,14255,14835,14180,14740,46830980,14740
"116","122630.KS",2022-06-27,14940,15330,14670,15080,43062900,15080
"117","122630.KS",2022-06-28,15120,15320,14975,15320,28934440,15320
"118","122630.KS",2022-06-29,15020,15065,14785,14820,30816920,14820
"119","122630.KS",2022-06-30,14655,14685,14305,14305,32945130,14305
"120","122630.KS",2022-07-01,14460,14600,13805,14005,46736610,14005
"121","122630.KS",2022-07-04,14015,14175,13735,14015,37294690,14015
"122","122630.KS",2022-07-05,14265,14560,14140,14460,39109040,14460
"123","122630.KS",2022-07-06,14245,14335,13780,13810,46229510,13810
"124","122630.KS",2022-07-07,14020,14530,13970,14370,36540660,14370
"125","122630.KS",2022-07-08,14580,14805,14520,14520,33772180,14520
"126","122630.KS",2022-07-11,14600,14700,14330,14345,24036490,14345
"127","122630.KS",2022-07-12,14235,14305,13915,14070,25550340,14070
"128","122630.KS",2022-07-13,14140,14405,14070,14225,29322320,14225
"129","122630.KS",2022-07-14,13985,14325,13930,14105,29100520,14105
"130","122630.KS",2022-07-15,14290,14325,13770,14295,48029860,14295
"131","122630.KS",2022-07-18,14590,14955,14540,14930,35240660,14930
"132","122630.KS",2022-07-19,14810,14845,14650,14810,21144440,14810
"133","122630.KS",2022-07-20,15295,15375,14990,15040,34719340,15040
"134","122630.KS",2022-07-21,15100,15400,15050,15370,28007280,15370
"135","122630.KS",2022-07-22,15295,15505,15145,15180,27900890,15180
"136","122630.KS",2022-07-25,15070,15440,15050,15290,26333620,15290
"137","122630.KS",2022-07-26,15180,15420,15130,15400,16064920,15400
"138","122630.KS",2022-07-27,15380,15415,15185,15395,22545470,15395
"139","122630.KS",2022-07-28,15670,15820,15505,15585,30062440,15585
"140","122630.KS",2022-07-29,15825,16010,15630,15730,29840240,15730
"141","122630.KS",2022-08-01,15680,15855,15505,15705,22393210,15705
"142","122630.KS",2022-08-02,15675,15675,15445,15555,20449360,15555
"143","122630.KS",2022-08-03,15560,15760,15440,15760,19027200,15760
"144","122630.KS",2022-08-04,15985,16025,15815,15920,22002630,15920
"145","122630.KS",2022-08-05,16010,16230,16010,16140,20523540,16140
"146","122630.KS",2022-08-08,15940,16100,15885,16060,13898680,16060
"147","122630.KS",2022-08-09,16095,16220,15915,16180,20693870,16180
"148","122630.KS",2022-08-10,15990,16045,15755,15790,19745140,15790
"149","122630.KS",2022-08-11,16150,16315,16140,16310,21840160,16310
"150","122630.KS",2022-08-12,16295,16480,16270,16435,18673570,16435
"151","122630.KS",2022-08-16,16650,16705,16490,16530,16490520,16530
"152","122630.KS",2022-08-17,16600,16675,16320,16360,17277880,16360
"153","122630.KS",2022-08-18,16105,16295,15970,16235,18202700,16235
"154","122630.KS",2022-08-19,16240,16240,15995,16035,15094650,16035
"155","122630.KS",2022-08-22,15665,15780,15550,15615,17787370,15615
"156","122630.KS",2022-08-23,15400,15515,15185,15215,21784790,15215
"157","122630.KS",2022-08-24,15300,15415,15195,15335,17096790,15335
"158","122630.KS",2022-08-25,15430,15705,15425,15705,15827920,15705
"159","122630.KS",2022-08-26,15835,15980,15690,15720,15454710,15720
"160","122630.KS",2022-08-29,14940,15080,14900,14970,19459340,14970
"161","122630.KS",2022-08-30,15100,15290,15045,15290,16748440,15290
"162","122630.KS",2022-08-31,14980,15630,14945,15510,20616200,15510
"163","122630.KS",2022-09-01,15095,15130,14765,14775,26337400,14775
"164","122630.KS",2022-09-02,14890,14935,14500,14620,26139880,14620
"165","122630.KS",2022-09-05,14635,14880,14500,14620,22465880,14620
"166","122630.KS",2022-09-06,14670,14830,14515,14625,22557030,14625
"167","122630.KS",2022-09-07,14420,14420,14030,14210,30747390,14210
"168","122630.KS",2022-09-08,14390,14420,14200,14280,22736720,14280
"169","122630.KS",2022-09-13,14790,15240,14750,15170,24070340,15170
"170","122630.KS",2022-09-14,14290,14690,14230,14570,27123300,14570
"171","122630.KS",2022-09-15,14645,14660,14360,14400,17793750,14400
"172","122630.KS",2022-09-16,14090,14235,14020,14165,18114600,14165
"173","122630.KS",2022-09-19,14250,14295,13920,13980,21917570,13980
"174","122630.KS",2022-09-20,14160,14310,14030,14080,21497330,14080
"175","122630.KS",2022-09-21,13895,13960,13750,13825,21993800,13825
"176","122630.KS",2022-09-22,13465,13575,13325,13515,27879490,13515
"177","122630.KS",2022-09-23,13515,13555,13100,13180,26913440,13180
"178","122630.KS",2022-09-26,12800,12880,12465,12515,39022210,12515
"179","122630.KS",2022-09-27,12510,12585,12275,12570,38682050,12570
"180","122630.KS",2022-09-28,12310,12470,11755,11955,59438820,11955
"181","122630.KS",2022-09-29,12265,12390,11970,11970,43113980,11970
"182","122630.KS",2022-09-30,11885,12110,11630,11840,55876770,11840
"183","122630.KS",2022-10-04,12215,12485,12175,12445,32950700,12445
"184","122630.KS",2022-10-05,12815,12855,12325,12430,39269510,12430
"185","122630.KS",2022-10-06,12600,12825,12530,12685,36735830,12685
"186","122630.KS",2022-10-07,12385,12730,12370,12575,27399660,12575
"187","122630.KS",2022-10-11,12040,12095,11860,12075,33997220,12075
"188","122630.KS",2022-10-12,12055,12280,12015,12275,33269020,12275
"189","122630.KS",2022-10-13,12200,12200,11900,11900,25150460,11900
"190","122630.KS",2022-10-14,12245,12560,12220,12480,29894670,12480
"191","122630.KS",2022-10-17,12160,12520,12075,12475,25454650,12475
"192","122630.KS",2022-10-18,12815,12845,12495,12805,38660050,12805
"193","122630.KS",2022-10-19,12805,12960,12580,12595,38916500,12595
"194","122630.KS",2022-10-20,12465,12485,12195,12335,41432130,12335
"195","122630.KS",2022-10-21,12255,12530,12240,12385,27264270,12385
"196","122630.KS",2022-10-24,12815,12880,12545,12625,34789630,12625
"197","122630.KS",2022-10-25,12650,12845,12585,12665,35804520,12665
"198","122630.KS",2022-10-26,12665,12965,12615,12835,32072080,12835
"199","122630.KS",2022-10-27,13000,13315,12950,13280,30902880,13280
"200","122630.KS",2022-10-28,13105,13260,12930,12935,25503830,12935
"201","122630.KS",2022-10-31,13220,13385,13070,13335,28950690,13335
"202","122630.KS",2022-11-01,13400,13730,13360,13715,29783900,13715
"203","122630.KS",2022-11-02,13600,13800,13530,13685,23864770,13685
"204","122630.KS",2022-11-03,13215,13690,13115,13515,31935140,13515
"205","122630.KS",2022-11-04,13415,13735,13305,13735,29732910,13735
"206","122630.KS",2022-11-07,13810,14095,13765,14055,32540600,14055
"207","122630.KS",2022-11-08,14235,14510,14200,14455,31096030,14455
"208","122630.KS",2022-11-09,14600,14865,14535,14750,33725650,14750
"209","122630.KS",2022-11-10,14505,14730,14410,14410,28445540,14410
"210","122630.KS",2022-11-11,15260,15560,15250,15530,40794210,15530
"211","122630.KS",2022-11-14,15530,15650,15290,15290,23595870,15290
"212","122630.KS",2022-11-15,15405,15485,15210,15420,21751050,15420
"213","122630.KS",2022-11-16,15475,15475,15020,15355,35656860,15355
"214","122630.KS",2022-11-17,15200,15215,14910,14945,28191530,14945
"215","122630.KS",2022-11-18,14925,15235,14855,14885,28042920,14885
"216","122630.KS",2022-11-21,14880,14955,14540,14635,23914520,14635
"217","122630.KS",2022-11-22,14560,14710,14420,14420,26500510,14420
"218","122630.KS",2022-11-23,14580,14695,14500,14610,26968750,14610
"219","122630.KS",2022-11-24,14830,14905,14715,14895,22971860,14895
"220","122630.KS",2022-11-25,14910,14940,14760,14760,15578560,14760
"221","122630.KS",2022-11-28,14590,14600,14320,14395,20335730,14395
"222","122630.KS",2022-11-29,14390,14725,14320,14715,15771100,14715
"223","122630.KS",2022-11-30,14555,15150,14555,15150,20985240,15150
"224","122630.KS",2022-12-01,15570,15670,15270,15340,28020470,15340
"225","122630.KS",2022-12-02,15215,15215,14650,14655,26565880,14655
"226","122630.KS",2022-12-05,14750,14845,14475,14550,29973000,14550
"227","122630.KS",2022-12-06,14330,14480,14165,14185,22234020,14185
"228","122630.KS",2022-12-07,14060,14205,14010,14035,23524090,14035
"229","122630.KS",2022-12-08,14035,14090,13845,14015,21144380,14015
"230","122630.KS",2022-12-09,14145,14380,14050,14350,33161770,14350
"231","122630.KS",2022-12-12,14135,14225,14065,14155,16904080,14155
"232","122630.KS",2022-12-13,14295,14340,14035,14135,22732640,14135
"233","122630.KS",2022-12-14,14230,14475,14225,14435,20171310,14435
"234","122630.KS",2022-12-15,14260,14310,13965,13965,21988610,13965
"235","122630.KS",2022-12-16,13530,13865,13525,13820,19526260,13820
"236","122630.KS",2022-12-19,13750,13930,13705,13805,12007200,13805
"237","122630.KS",2022-12-20,13720,13800,13470,13570,23602370,13570
"238","122630.KS",2022-12-21,13720,13730,13480,13500,17982310,13500
"239","122630.KS",2022-12-22,13615,13845,13565,13845,17465020,13845
"240","122630.KS",2022-12-23,13555,13605,13340,13375,21293160,13375
"241","122630.KS",2022-12-26,13375,13425,13280,13375,10881560,13375
"242","122630.KS",2022-12-27,13495,13645,13450,13560,17776950,13560
"243","122630.KS",2022-12-28,13460,13495,13265,13285,16378430,13285
"244","122630.KS",2022-12-29,13100,13165,12805,12805,18306240,12805
"245","252670.KS",2022-01-04,2145,2180,2135,2155,119475100,2155
"246","252670.KS",2022-01-05,2165,2240,2155,2215,234752000,2215
"247","252670.KS",2022-01-06,2255,2260,2205,2260,204114900,2260
"248","252670.KS",2022-01-07,2225,2240,2190,2195,165325800,2195
"249","252670.KS",2022-01-10,2210,2270,2200,2240,146846800,2240
"250","252670.KS",2022-01-11,2230,2250,2200,2225,131055300,2225
"251","252670.KS",2022-01-12,2190,2190,2145,2145,143850000,2145
"252","252670.KS",2022-01-13,2140,2175,2135,2170,111283400,2170
"253","252670.KS",2022-01-14,2205,2245,2195,2235,171123200,2235
"254","252670.KS",2022-01-17,2235,2295,2230,2265,169190800,2265
"255","252670.KS",2022-01-18,2255,2320,2250,2305,171184100,2305
"256","252670.KS",2022-01-19,2340,2355,2290,2335,223105700,2335
"257","252670.KS",2022-01-20,2340,2360,2310,2310,156009800,2310
"258","252670.KS",2022-01-21,2365,2395,2345,2365,228072500,2365
"259","252670.KS",2022-01-24,2385,2445,2365,2415,190411800,2415
"260","252670.KS",2022-01-25,2440,2570,2425,2540,349916800,2540
"261","252670.KS",2022-01-26,2525,2565,2495,2555,239780300,2555
"262","252670.KS",2022-01-27,2545,2735,2530,2730,332767000,2730
"263","252670.KS",2022-01-28,2695,2750,2565,2580,371796600,2580
"264","252670.KS",2022-02-03,2485,2535,2460,2530,214402400,2530
"265","252670.KS",2022-02-04,2510,2530,2460,2470,199813400,2470
"266","252670.KS",2022-02-07,2500,2565,2495,2515,152616100,2515
"267","252670.KS",2022-02-08,2475,2545,2450,2505,149682700,2505
"268","252670.KS",2022-02-09,2455,2475,2435,2435,132207100,2435
"269","252670.KS",2022-02-10,2400,2430,2385,2395,168130900,2395
"270","252670.KS",2022-02-11,2445,2465,2405,2440,214488900,2440
"271","252670.KS",2022-02-14,NA,NA,NA,NA,NA,NA
"272","252670.KS",2022-02-15,2495,2565,2485,2540,201406100,2540
"273","252670.KS",2022-02-16,2480,2485,2440,2445,191719000,2445
"274","252670.KS",2022-02-17,2435,2470,2370,2415,375947900,2415
"275","252670.KS",2022-02-18,2465,2480,2415,2425,230544000,2425
"276","252670.KS",2022-02-21,2505,2530,2425,2430,241608400,2430
"277","252670.KS",2022-02-22,2510,2535,2475,2500,256265200,2500
"278","252670.KS",2022-02-23,2460,2510,2450,2480,156033900,2480
"279","252670.KS",2022-02-24,2545,2630,2535,2620,281426600,2620
"280","252670.KS",2022-02-25,2555,2585,2520,2555,236267200,2555
"281","252670.KS",2022-02-28,2585,2600,2520,2520,209003000,2520
"282","252670.KS",2022-03-02,2520,2545,2495,2530,143736200,2530
"283","252670.KS",2022-03-03,2490,2495,2435,2440,148624900,2440
"284","252670.KS",2022-03-04,2455,2540,2455,2515,166800700,2515
"285","252670.KS",2022-03-07,2610,2665,2600,2640,193570000,2640
"286","252670.KS",2022-03-08,2715,2725,2640,2695,228287500,2695
"287","252670.KS",2022-03-10,2560,2595,2550,2580,128210500,2580
"288","252670.KS",2022-03-11,2595,2630,2580,2595,156036800,2595
"289","252670.KS",2022-03-14,2600,2635,2575,2605,140036800,2605
"290","252670.KS",2022-03-15,2640,2675,2620,2660,155532100,2660
"291","252670.KS",2022-03-16,2600,2645,2570,2575,139726100,2575
"292","252670.KS",2022-03-17,2470,2500,2455,2500,154665400,2500
"293","252670.KS",2022-03-18,2520,2525,2480,2485,135016000,2485
"294","252670.KS",2022-03-21,2465,2545,2460,2535,105978200,2535
"295","252670.KS",2022-03-22,2540,2540,2485,2490,138779200,2490
"296","252670.KS",2022-03-23,2460,2480,2425,2450,123674600,2450
"297","252670.KS",2022-03-24,2495,2510,2465,2470,103716800,2470
"298","252670.KS",2022-03-25,2455,2505,2455,2485,95898250,2485
"299","252670.KS",2022-03-28,2510,2535,2470,2485,132131400,2485
"300","252670.KS",2022-03-29,2455,2485,2435,2465,80754360,2465
"301","252670.KS",2022-03-30,2425,2455,2410,2445,107249100,2445
"302","252670.KS",2022-03-31,2450,2455,2405,2425,112982400,2425
"303","252670.KS",2022-04-01,2450,2490,2450,2465,83231300,2465
"304","252670.KS",2022-04-04,2485,2500,2435,2440,97455150,2440
"305","252670.KS",2022-04-05,2420,2460,2415,2445,77238330,2445
"306","252670.KS",2022-04-06,2480,2500,2470,2500,181434800,2500
"307","252670.KS",2022-04-07,2535,2580,2525,2565,130629000,2565
"308","252670.KS",2022-04-08,2555,2595,2550,2560,99035220,2560
"309","252670.KS",2022-04-11,2590,2605,2540,2565,158232600,2565
"310","252670.KS",2022-04-12,2605,2635,2580,2615,174749300,2615
"311","252670.KS",2022-04-13,2595,2610,2510,2515,239307200,2515
"312","252670.KS",2022-04-14,2520,2560,2515,2540,118815200,2540
"313","252670.KS",2022-04-15,2575,2615,2575,2600,143969500,2600
"314","252670.KS",2022-04-18,2635,2645,2580,2600,136049000,2600
"315","252670.KS",2022-04-19,2570,2580,2525,2540,141484300,2540
"316","252670.KS",2022-04-20,2545,2585,2530,2545,121614300,2545
"317","252670.KS",2022-04-21,2525,2530,2490,2515,119487500,2515
"318","252670.KS",2022-04-22,2575,2600,2560,2575,132328200,2575
"319","252670.KS",2022-04-25,2645,2670,2620,2665,163532000,2665
"320","252670.KS",2022-04-26,2640,2655,2610,2640,135172800,2640
"321","252670.KS",2022-04-27,2735,2750,2695,2700,190249600,2700
"322","252670.KS",2022-04-28,2680,2720,2650,2650,145070500,2650
"323","252670.KS",2022-04-29,2645,2665,2565,2570,186811900,2570
"324","252670.KS",2022-05-02,NA,NA,NA,NA,NA,NA
"325","252670.KS",2022-05-03,2595,2605,2550,2600,157911500,2600
"326","252670.KS",2022-05-04,2575,2610,2555,2590,110637400,2590
"327","252670.KS",2022-05-06,2650,2680,2645,2660,133328700,2660
"328","252670.KS",2022-05-10,2755,2825,2730,2740,243713100,2740
"329","252670.KS",2022-05-11,2770,2785,2735,2745,167413900,2745
"330","252670.KS",2022-05-12,2805,2840,2755,2830,238207300,2830
"331","252670.KS",2022-05-13,2795,2805,2690,2695,214748200,2695
"332","252670.KS",2022-05-16,2650,2735,2645,2720,140507900,2720
"333","252670.KS",2022-05-17,2715,2715,2660,2665,133644300,2665
"334","252670.KS",2022-05-18,2635,2675,2610,2655,139642100,2655
"335","252670.KS",2022-05-19,2775,2780,2720,2735,223263600,2735
"336","252670.KS",2022-05-20,2705,2710,2625,2630,233095500,2630
"337","252670.KS",2022-05-23,2605,2645,2600,2615,113675900,2615
"338","252670.KS",2022-05-24,2640,2710,2625,2710,150824800,2710
"339","252670.KS",2022-05-25,2680,2720,2655,2690,164622200,2690
"340","252670.KS",2022-05-26,2690,2730,2635,2710,190069800,2710
"341","252670.KS",2022-05-27,2640,2665,2630,2650,169083300,2650
"342","252670.KS",2022-05-30,2590,2620,2575,2580,130637300,2580
"343","252670.KS",2022-05-31,2585,2615,2550,2565,159632900,2565
"344","252670.KS",2022-06-02,2590,2630,2585,2620,108491500,2620
"345","252670.KS",2022-06-03,2570,2600,2560,2585,97303740,2585
"346","252670.KS",2022-06-07,2615,2695,2610,2685,111016300,2685
"347","252670.KS",2022-06-08,2675,2685,2645,2670,105033200,2670
"348","252670.KS",2022-06-09,2690,2715,2665,2680,128409100,2680
"349","252670.KS",2022-06-10,2730,2770,2720,2745,149726100,2745
"350","252670.KS",2022-06-13,2855,2940,2840,2940,200164300,2940
"351","252670.KS",2022-06-14,3015,3040,2945,2960,239483500,2960
"352","252670.KS",2022-06-15,2975,3110,2965,3070,220508500,3070
"353","252670.KS",2022-06-16,2985,3080,2945,3070,231605700,3070
"354","252670.KS",2022-06-17,3185,3210,3100,3115,291222200,3115
"355","252670.KS",2022-06-20,3080,3270,3075,3215,248013200,3215
"356","252670.KS",2022-06-21,3180,3225,3125,3180,198717700,3180
"357","252670.KS",2022-06-22,3160,3345,3155,3345,246136600,3345
"358","252670.KS",2022-06-23,3340,3420,3280,3385,393319300,3385
"359","252670.KS",2022-06-24,3350,3380,3215,3245,251056700,3245
"360","252670.KS",2022-06-27,3205,3260,3110,3165,272168100,3165
"361","252670.KS",2022-06-28,3160,3190,3115,3115,206713400,3115
"362","252670.KS",2022-06-29,3190,3225,3165,3215,169956500,3215
"363","252670.KS",2022-06-30,3260,3330,3245,3330,194910100,3330
"364","252670.KS",2022-07-01,3290,3445,3255,3400,295106100,3400
"365","252670.KS",2022-07-04,3385,3465,3355,3390,276641600,3390
"366","252670.KS",2022-07-05,3325,3365,3260,3285,232111700,3285
"367","252670.KS",2022-07-06,3345,3445,3315,3435,281694300,3435
"368","252670.KS",2022-07-07,3380,3395,3255,3295,253829800,3295
"369","252670.KS",2022-07-08,3235,3260,3195,3260,198494100,3260
"370","252670.KS",2022-07-11,3235,3305,3220,3300,181745600,3300
"371","252670.KS",2022-07-12,3320,3400,3305,3365,171310600,3365
"372","252670.KS",2022-07-13,3345,3365,3280,3325,214884000,3325
"373","252670.KS",2022-07-14,3375,3395,3300,3345,235559100,3345
"374","252670.KS",2022-07-15,3305,3435,3300,3305,300662300,3305
"375","252670.KS",2022-07-18,3240,3250,3155,3160,203255000,3160
"376","252670.KS",2022-07-19,3185,3220,3175,3185,143044800,3185
"377","252670.KS",2022-07-20,3080,3150,3060,3135,158053000,3135
"378","252670.KS",2022-07-21,3125,3135,3060,3065,166759400,3065
"379","252670.KS",2022-07-22,3090,3115,3040,3105,175015400,3105
"380","252670.KS",2022-07-25,3130,3135,3050,3080,171948300,3080
"381","252670.KS",2022-07-26,3105,3120,3055,3055,128312500,3055
"382","252670.KS",2022-07-27,3065,3105,3055,3060,96070980,3060
"383","252670.KS",2022-07-28,3005,3040,2975,3020,118531600,3020
"384","252670.KS",2022-07-29,2970,3015,2940,2995,129410900,2995
"385","252670.KS",2022-08-01,3015,3040,2970,3000,124532500,3000
"386","252670.KS",2022-08-02,3005,3050,3005,3030,111630300,3030
"387","252670.KS",2022-08-03,3030,3055,2985,2985,143927800,2985
"388","252670.KS",2022-08-04,2945,2980,2935,2960,106004600,2960
"389","252670.KS",2022-08-05,2935,2940,2900,2915,118052900,2915
"390","252670.KS",2022-08-08,2950,2965,2920,2930,86655430,2930
"391","252670.KS",2022-08-09,2930,2960,2900,2910,97067660,2910
"392","252670.KS",2022-08-10,2940,2985,2935,2980,90222080,2980
"393","252670.KS",2022-08-11,2905,2915,2880,2880,124648000,2880
"394","252670.KS",2022-08-12,2885,2885,2850,2855,108745700,2855
"395","252670.KS",2022-08-16,2820,2850,2810,2840,78542840,2840
"396","252670.KS",2022-08-17,2835,2880,2815,2870,86893960,2870
"397","252670.KS",2022-08-18,2915,2940,2880,2895,127974000,2895
"398","252670.KS",2022-08-19,2890,2940,2885,2925,103882800,2925
"399","252670.KS",2022-08-22,2985,3020,2970,3005,121392100,3005
"400","252670.KS",2022-08-23,3045,3090,3020,3085,132560800,3085
"401","252670.KS",2022-08-24,3060,3085,3040,3055,108932400,3055
"402","252670.KS",2022-08-25,3035,3040,2980,2980,88151750,2980
"403","252670.KS",2022-08-26,2955,2985,2930,2980,97647710,2980
"404","252670.KS",2022-08-29,3130,3135,3100,3125,141373600,3125
"405","252670.KS",2022-08-30,3090,3105,3050,3050,147911000,3050
"406","252670.KS",2022-08-31,3110,3125,2985,3010,168324500,3010
"407","252670.KS",2022-09-01,3090,3155,3085,3155,166168900,3155
"408","252670.KS",2022-09-02,3125,3215,3120,3185,180224700,3185
"409","252670.KS",2022-09-05,3175,3215,3130,3190,179710800,3190
"410","252670.KS",2022-09-06,3180,3215,3140,3185,165583400,3185
"411","252670.KS",2022-09-07,3230,3320,3230,3275,169937100,3275
"412","252670.KS",2022-09-08,3230,3285,3225,3255,132211500,3255
"413","252670.KS",2022-09-13,3135,3150,3035,3050,186313100,3050
"414","252670.KS",2022-09-14,3195,3245,3145,3170,217946800,3170
"415","252670.KS",2022-09-15,3150,3220,3150,3210,151583700,3210
"416","252670.KS",2022-09-16,3280,3295,3245,3260,160949200,3260
"417","252670.KS",2022-09-19,3250,3320,3225,3305,153898800,3305
"418","252670.KS",2022-09-20,3250,3295,3220,3275,133855800,3275
"419","252670.KS",2022-09-21,3330,3360,3305,3345,156125500,3345
"420","252670.KS",2022-09-22,3430,3465,3395,3415,165477500,3415
"421","252670.KS",2022-09-23,3415,3520,3400,3500,160738100,3500
"422","252670.KS",2022-09-26,3610,3690,3575,3680,207058200,3680
"423","252670.KS",2022-09-27,3670,3745,3650,3655,253854200,3655
"424","252670.KS",2022-09-28,3735,3900,3685,3835,353178500,3835
"425","252670.KS",2022-09-29,3735,3830,3690,3830,274721900,3830
"426","252670.KS",2022-09-30,3870,3940,3785,3870,385011500,3870
"427","252670.KS",2022-10-04,3760,3780,3660,3685,223386400,3685
"428","252670.KS",2022-10-05,3550,3715,3550,3680,241733600,3680
"429","252670.KS",2022-10-06,3620,3650,3560,3605,216006100,3605
"430","252670.KS",2022-10-07,3675,3700,3590,3630,183727000,3630
"431","252670.KS",2022-10-11,3775,3845,3775,3785,193752900,3785
"432","252670.KS",2022-10-12,3795,3805,3715,3720,178918400,3720
"433","252670.KS",2022-10-13,3745,3835,3740,3835,146850400,3835
"434","252670.KS",2022-10-14,3710,3730,3620,3645,187404700,3645
"435","252670.KS",2022-10-17,3735,3765,3630,3645,176913800,3645
"436","252670.KS",2022-10-18,3540,3640,3535,3545,146172800,3545
"437","252670.KS",2022-10-19,3550,3610,3505,3605,140299900,3605
"438","252670.KS",2022-10-20,3650,3725,3635,3675,203471800,3675
"439","252670.KS",2022-10-21,3695,3710,3620,3665,173178700,3665
"440","252670.KS",2022-10-24,3530,3620,3515,3595,167240100,3595
"441","252670.KS",2022-10-25,3590,3605,3530,3580,150651200,3580
"442","252670.KS",2022-10-26,3590,3595,3495,3530,197363800,3530
"443","252670.KS",2022-10-27,3485,3500,3400,3405,181173900,3405
"444","252670.KS",2022-10-28,3450,3500,3415,3495,153392500,3495
"445","252670.KS",2022-10-31,3420,3465,3375,3390,165796800,3390
"446","252670.KS",2022-11-01,3370,3385,3285,3290,157867000,3290
"447","252670.KS",2022-11-02,3320,3340,3270,3300,129169200,3300
"448","252670.KS",2022-11-03,3410,3440,3300,3340,219327700,3340
"449","252670.KS",2022-11-04,3365,3395,3285,3285,197435300,3285
"450","252670.KS",2022-11-07,3265,3280,3200,3210,173510000,3210
"451","252670.KS",2022-11-08,3170,3180,3105,3115,182613900,3115
"452","252670.KS",2022-11-09,3090,3105,3030,3060,198777300,3060
"453","252670.KS",2022-11-10,3110,3120,3060,3120,159516900,3120
"454","252670.KS",2022-11-11,2885,2940,2870,2875,282031600,2875
"455","252670.KS",2022-11-14,2875,2920,2850,2915,147424600,2915
"456","252670.KS",2022-11-15,2895,2940,2885,2900,118879100,2900
"457","252670.KS",2022-11-16,2890,2975,2885,2910,180549300,2910
"458","252670.KS",2022-11-17,2945,2995,2935,2985,120585700,2985
"459","252670.KS",2022-11-18,2990,3010,2930,3000,155181300,3000
"460","252670.KS",2022-11-21,2990,3070,2985,3050,123492800,3050
"461","252670.KS",2022-11-22,3065,3095,3035,3090,144048800,3090
"462","252670.KS",2022-11-23,3055,3080,3035,3055,108398100,3055
"463","252670.KS",2022-11-24,3015,3035,2990,3000,102751900,3000
"464","252670.KS",2022-11-25,2995,3025,2985,3020,76837760,3020
"465","252670.KS",2022-11-28,3055,3115,3050,3100,119145800,3100
"466","252670.KS",2022-11-29,3105,3120,3025,3030,126100200,3030
"467","252670.KS",2022-11-30,3060,3065,2945,2945,149785500,2945
"468","252670.KS",2022-12-01,2855,2920,2840,2910,141643800,2910
"469","252670.KS",2022-12-02,2930,3040,2930,3040,118873400,3040
"470","252670.KS",2022-12-05,3010,3080,3000,3060,131411700,3060
"471","252670.KS",2022-12-06,3105,3145,3075,3140,131107900,3140
"472","252670.KS",2022-12-07,3165,3180,3130,3170,154607400,3170
"473","252670.KS",2022-12-08,3170,3215,3155,3175,99102810,3175
"474","252670.KS",2022-12-09,3140,3170,3090,3095,142481900,3095
"475","252670.KS",2022-12-12,3140,3160,3120,3135,92955820,3135
"476","252670.KS",2022-12-13,3105,3165,3095,3140,102421400,3140
"477","252670.KS",2022-12-14,3120,3125,3065,3075,134744200,3075
"478","252670.KS",2022-12-15,3120,3180,3100,3175,107209400,3175
"479","252670.KS",2022-12-16,3270,3275,3200,3205,165165300,3205
"480","252670.KS",2022-12-19,3210,3240,3180,3210,102500600,3210
"481","252670.KS",2022-12-20,3230,3295,3210,3265,185266300,3265
"482","252670.KS",2022-12-21,3230,3295,3225,3285,85382610,3285
"483","252670.KS",2022-12-22,3255,3270,3200,3200,97713740,3200
"484","252670.KS",2022-12-23,3275,3325,3255,3310,103852800,3310
"485","252670.KS",2022-12-26,3310,3335,3295,3305,58907000,3305
"486","252670.KS",2022-12-27,3275,3295,3240,3265,71716330,3265
"487","252670.KS",2022-12-28,3290,3345,3285,3335,87565400,3335
"488","252670.KS",2022-12-29,3380,3455,3360,3450,90981260,3450
